{
  "type": "minecraft:entity"
  ,
    "pools": [
        {
            "rolls": 10,
          "entries": [
            {
              "type": "minecraft:item",
              "weight": 1,
              "name": "minecraft:diamond_block",
              "functions": [
                {
                  "function": "minecraft:set_count",
                  "count": {
                    "min": 64,
                    "max": 64
                  }
                }
              ]
            },
            {
              "type": "minecraft:item",
              "functions": [
                {
                  "function": "minecraft:set_count",
                  "count": {
                    "min": 64.0,
                    "max": 64.0,
                    "type": "minecraft:uniform"
                  }
                }
              ],
              "name": "minecraft:arrow"
            },
            {
              "type": "minecraft:item",
              "weight": 3,
              "name": "minecraft:netherite_sword",
              "functions": [
                {
                  "function": "minecraft:enchant_with_levels",
                  "levels": {
                    "type": "minecraft:uniform",
                    "min": 20,
                    "max": 39
                  },
                  "treasure": true
                }
              ]
            },
            {
              "type": "minecraft:item",
              "weight": 3,
              "name": "minecraft:netherite_pickaxe",
              "functions": [
                {
                  "function": "minecraft:enchant_with_levels",
                  "levels": {
                    "type": "minecraft:uniform",
                    "min": 20,
                    "max": 39
                  },
                  "treasure": true
                }
              ]
            },
            {
              "type": "minecraft:item",
              "weight": 3,
              "name": "minecraft:netherite_shovel",
              "functions": [
                {
                  "function": "minecraft:enchant_with_levels",
                  "levels": {
                    "type": "minecraft:uniform",
                    "min": 20,
                    "max": 39
                  },
                  "treasure": true
                }
              ]
            },
            {
              "type": "minecraft:item",
              "weight": 3,
              "name": "minecraft:netherite_axe",
              "functions": [
                {
                  "function": "minecraft:enchant_with_levels",
                  "levels": {
                    "type": "minecraft:uniform",
                    "min": 20,
                    "max": 39
                  },
                  "treasure": true
                }
              ]
            },
            {
              "type": "minecraft:item",
              "weight": 3,
              "name": "minecraft:netherite_chestplate",
              "functions": [
                {
                  "function": "minecraft:enchant_with_levels",
                  "levels": {
                    "type": "minecraft:uniform",
                    "min": 20,
                    "max": 39
                  },
                  "treasure": true
                }
              ]
            },
            {
              "type": "minecraft:item",
              "weight": 1,
              "name": "minecraft:firework_rocket",
              "functions": [
                {
                  "function": "minecraft:set_count",
                  "count": {
                    "min": 64,
                    "max": 64
                  }
                }
              ]
            },
            {
              "type": "minecraft:item",
              "weight": 3,
              "name": "minecraft:netherite_helmet",
              "functions": [
                {
                  "function": "minecraft:enchant_with_levels",
                  "levels": {
                    "type": "minecraft:uniform",
                    "min": 20,
                    "max": 39
                  },
                  "treasure": true
                }
              ]
            },
            {
              "type": "minecraft:item",
              "weight": 3,
              "name": "minecraft:netherite_leggings",
              "functions": [
                {
                  "function": "minecraft:enchant_with_levels",
                  "levels": {
                    "type": "minecraft:uniform",
                    "min": 20,
                    "max": 39
                  },
                  "treasure": true
                }
              ]
            },
            {
              "type": "minecraft:item",
              "weight": 3,
              "name": "minecraft:netherite_boots",
              "functions": [
                {
                  "function": "minecraft:enchant_with_levels",
                  "levels": {
                    "type": "minecraft:uniform",
                    "min": 20,
                    "max": 39
                  },
                  "treasure": true
                }
              ]
            },
            {
              "type": "minecraft:item",
              "weight": 1,
              "name": "minecraft:iron_block",
              "functions": [
                {
                  "function": "minecraft:set_count",
                  "count": {
                    "min": 64,
                    "max": 64
                  }
                }
              ]
            },
            {
              "type": "minecraft:item",
              "weight": 1,
              "name": "minecraft:obsidian",
              "functions": [
                {
                  "function": "minecraft:set_count",
                  "count": {
                    "min": 64,
                    "max": 64
                  }
                }
              ]
            },
            {
              "type": "minecraft:item",
              "weight": 1,
              "name": "minecraft:netherite_block",
              "functions": [
                {
                  "function": "minecraft:set_count",
                  "count": {
                    "min": 64,
                    "max": 64
                  }
                }
              ]
            },
            {
              "type": "minecraft:item",
              "weight": 1,
              "name": "minecraft:oak_log",
              "functions": [
                {
                  "function": "minecraft:set_count",
                  "count": {
                    "min": 64,
                    "max": 64
                  }
                }
              ]
            },
            {
              "type": "minecraft:item",
              "weight": 1,
              "name": "minecraft:gold_block",
              "functions": [
                {
                  "function": "minecraft:set_count",
                  "count": {
                    "min": 64,
                    "max": 64
                  }
                }
              ]
            },
            {
              "type": "minecraft:item",
              "name": "minecraft:book",
              "functions": [
                {
                  "function": "minecraft:set_count",
                  "count": {
                    "min": 64,
                    "max": 64
                  }
                }
              ]
            },
            {
              "type": "minecraft:item",
              "weight": 1,
              "name": "minecraft:shulker_shell",
              "functions": [
                {
                  "function": "minecraft:set_count",
                  "count": {
                    "min": 32,
                    "max": 32
                  }
                }
              ]
            },
            {
              "type": "minecraft:item",
              "weight": 1,
              "name": "minecraft:golden_apple",
              "functions": [
                {
                  "function": "minecraft:set_count",
                  "count": {
                    "min": 64,
                    "max": 64
                  }
                }
              ]
            },
            {
              "type": "minecraft:item",
              "weight": 1,
              "name": "minecraft:enchanted_golden_apple",
              "functions": [
                {
                  "function": "minecraft:set_count",
                  "count": {
                    "min": 32,
                    "max": 32
                  }
                }
              ]
            },
            {
              "type": "minecraft:item",
              "weight": 1,
              "name": "minecraft:ender_pearl",
              "functions": [
                {
                  "function": "minecraft:set_count",
                  "count": {
                    "min": 32,
                    "max": 32
                  }
                }
              ]
            },
            {
              "type": "minecraft:item",
              "weight": 1,
              "name": "minecraft:ender_eye",
              "functions": [
                {
                  "function": "minecraft:set_count",
                  "count": {
                    "min": 64,
                    "max": 64
                  }
                }
              ]
            },
            {
              "type": "minecraft:item",
              "weight": 1,
              "name": "minecraft:experience_bottle",
              "functions": [
                {
                  "function": "minecraft:set_count",
                  "count": {
                    "min": 64,
                    "max": 64
                  }
                }
              ]
            },
            {
              "type": "minecraft:item",
              "weight": 1,
              "name": "minecraft:elytra"
            },
            {
              "type": "minecraft:item",
              "weight": 1,
              "name": "minecraft:totem_of_undying"
            },
            {
              "type": "minecraft:item",
              "weight": 1,
              "name": "minecraft:bow"
            },
            {
              "type": "minecraft:item",
              "weight": 1,
              "name": "minecraft:flint_and_steel"
            },
            {
              "type": "minecraft:item",
              "weight": 1,
              "name": "minecraft:emerald_block",
              "functions": [
                {
                  "function": "minecraft:set_count",
                  "count": {
                    "min": 64,
                    "max": 64
                  }
                }
              ]
            }
          ]
        }
    ]
}